Player,Position,Team,Pass_Yds,Pass_TD,Int,Rush_Yds,Rush_TD,Rec,Rec_Yds,Rec_TD,Games_Pass_300,Games_Pass_400,Games_Comb_100,Games_Comb_200,Pass_40p,Rush_40p,Rec_20p
Josh Allen,QB,BUF,3650,27,0,535,11,0,0,0,6,1,0,0,12,2,0
Drake Maye,QB,NE,3854,29,0,416,4,0,0,0,6,1,0,0,12,1,0
Lamar Jackson,QB,BAL,3380,27,0,668,4,0,0,0,4,1,0,0,10,1,0
Jayden Daniels,QB,WAS,3353,22,0,686,6,0,0,0,4,1,0,0,10,1,0
Jalen Hurts,QB,PHI,3326,21,0,515,9,0,0,0,4,1,0,0,9,0,0
Joe Burrow,QB,CIN,4008,33,0,138,2,0,0,0,4,1,0,0,8,0,0
Dak Prescott,QB,DAL,4292,31,0,152,1,0,0,0,3,0,0,0,8,0,0
Trevor Lawrence,QB,JAX,3788,26,0,339,5,0,0,0,3,0,0,0,8,0,0
Justin Herbert,QB,LAC,3920,27,0,345,3,0,0,0,2,0,0,0,8,0,0
Jaxson Dart,QB,NYG,3366,23,0,539,6,0,0,0,2,0,0,0,8,0,0
Caleb Williams,QB,CHI,3651,28,0,373,3,0,0,0,2,0,0,0,7,0,0
Bo Nix,QB,DEN,3768,26,0,330,4,0,0,0,2,0,0,0,7,0,0
Brock Purdy,QB,SF,3824,29,0,237,3,0,0,0,2,0,0,0,7,0,0
Jared Goff,QB,DET,4104,30,0,53,1,0,0,0,2,0,0,0,7,0,0
Jordan Love,QB,GB,3808,28,0,202,2,0,0,0,2,0,0,0,7,0,0
Matthew Stafford,QB,LAR,4033,32,0,19,0,0,0,0,2,0,0,0,7,0,0
Patrick Mahomes II,QB,KC,3773,28,0,227,1,0,0,0,2,0,0,0,6,0,0
Baker Mayfield,QB,TB,3682,26,0,306,2,0,0,0,2,0,0,0,6,0,0
Kyler Murray,QB,MIN,3285,20,0,488,3,0,0,0,2,0,0,0,6,0,0
Sam Darnold,QB,SEA,3676,26,0,157,2,0,0,0,1,0,0,0,5,0,0
Tyler Shough,QB,NO,3525,21,0,330,3,0,0,0,1,0,0,0,5,0,0
Malik Willis,QB,MIA,2712,16,0,633,5,0,0,0,1,0,0,0,4,0,0
C.J. Stroud,QB,HOU,3405,20,0,220,2,0,0,0,1,0,0,0,4,0,0
Daniel Jones,QB,IND,3388,20,0,190,2,0,0,0,1,0,0,0,4,0,0
Cam Ward,QB,TEN,3516,19,0,182,2,0,0,0,1,0,0,0,3,0,0
Bryce Young,QB,CAR,3079,20,0,251,2,0,0,0,1,0,0,0,3,0,0
Geno Smith,QB,NYJ,3372,22,0,156,1,0,0,0,1,0,0,0,3,0,0
Fernando Mendoza,QB,LV,2894,19,0,234,2,0,0,0,1,0,0,0,3,0,0
Aaron Rodgers,QB,PIT,2700,18,0,60,0,0,0,0,1,0,0,0,3,0,0
Jacoby Brissett,QB,ARI,2400,15,0,110,1,0,0,0,1,0,0,0,3,0,0
Tua Tagovailoa,QB,ATL,2141,14,0,43,0,0,0,0,1,0,0,0,3,0,0
Michael Penix Jr.,QB,ATL,1567,10,0,67,1,0,0,0,0,0,0,0,3,0,0
Deshaun Watson,QB,CLE,1374,8,0,131,2,0,0,0,0,0,0,0,3,0,0
Shedeur Sanders,QB,CLE,1433,7,0,88,2,0,0,0,0,0,0,0,2,0,0
Carson Beck,QB,ARI,778,5,0,38,1,0,0,0,0,0,0,0,2,0,0
Kirk Cousins,QB,LV,639,5,0,6,0,0,0,0,0,0,0,0,2,0,0
Anthony Richardson Sr.,QB,IND,386,2,0,91,1,0,0,0,0,0,0,0,2,0,0
Justin Fields,QB,KC,363,2,0,102,1,0,0,0,0,0,0,0,2,0,0
T. Green,QB,CLE,335,2,0,69,1,0,0,0,0,0,0,0,2,0,0
J. Flacco,QB,CIN,448,3,0,8,0,0,0,0,0,0,0,0,2,0,0
G. Minshew,QB,ARI,394,3,0,22,0,0,0,0,0,0,0,0,0,0,0
D. Carr,QB,,447,3,0,13,0,0,0,0,0,0,0,0,0,0,0
Mac Jones,QB,SF,423,3,0,18,0,0,0,0,0,0,0,0,0,0,0
C. Klubnik,QB,NYJ,400,2,0,20,0,0,0,0,0,0,0,0,0,0,0
Puka Nacua,WR,LAR,0,0,0,55,0,107,1400,10,0,0,5,1,0,0,25
Ja'Marr Chase,WR,CIN,0,0,0,16,0,109,1345,10,0,0,3,1,0,0,24
Jaxon Smith-Njigba,WR,SEA,0,0,0,33,0,99,1343,8,0,0,3,1,0,0,23
Amon-Ra St. Brown,WR,DET,0,0,0,16,0,106,1249,8,0,0,2,1,0,0,22
CeeDee Lamb,WR,DAL,0,0,0,16,0,96,1249,8,0,0,2,0,0,0,18
Justin Jefferson,WR,MIN,0,0,0,6,0,88,1155,7,0,0,1,0,0,0,18
Nico Collins,WR,HOU,0,0,0,16,0,76,1144,7,0,0,1,0,0,0,17
George Pickens,WR,DAL,0,0,0,6,0,76,1153,7,0,0,1,0,0,0,16
Drake London,WR,ATL,0,0,0,6,0,86,1101,7,0,0,1,0,0,0,16
A.J. Brown,WR,NE,0,0,0,6,0,76,1132,7,0,0,1,0,0,0,16
Chris Olave,WR,NO,0,0,0,6,0,80,1072,7,0,0,1,0,0,0,16
Malik Nabers,WR,NYG,0,0,0,16,0,82,1050,7,0,0,1,0,0,0,16
Garrett Wilson,WR,NYJ,0,0,0,16,0,86,1075,6,0,0,1,0,0,0,15
Zay Flowers,WR,BAL,0,0,0,29,0,80,1083,6,0,0,1,0,0,0,14
DeVonta Smith,WR,PHI,0,0,0,6,0,78,1035,6,0,0,1,0,0,0,14
Tetairoa McMillan,WR,CAR,0,0,0,6,0,74,1033,6,0,0,1,0,0,0,14
Jameson Williams,WR,DET,0,0,0,44,0,60,998,7,0,0,1,0,0,0,14
Tee Higgins,WR,CIN,0,0,0,6,0,68,960,7,0,0,1,0,0,0,13
Mike Evans,WR,SF,0,0,0,0,0,66,900,8,0,0,1,0,0,0,13
Ladd McConkey,WR,LAC,0,0,0,11,0,77,962,6,0,0,1,0,0,0,13
Luther Burden III,WR,CHI,0,0,0,61,0,72,886,6,0,0,0,0,0,0,13
Terry McLaurin,WR,WAS,0,0,0,6,0,68,950,6,0,0,0,0,0,0,13
Emeka Egbuka,WR,TB,0,0,0,19,0,68,917,6,0,0,0,0,0,0,12
Rashee Rice,WR,KC,0,0,0,26,0,77,849,6,0,0,0,0,0,0,12
Christian Watson,WR,GB,0,0,0,13,0,57,941,6,0,0,0,0,0,0,12
Parker Washington,WR,JAX,0,0,0,53,0,65,824,6,0,0,0,0,0,0,11
Davante Adams,WR,LAR,0,0,0,0,0,61,772,8,0,0,0,0,0,0,11
Alec Pierce,WR,IND,0,0,0,7,0,57,918,6,0,0,0,0,0,0,11
Rome Odunze,WR,CHI,0,0,0,6,0,62,891,6,0,0,0,0,0,0,11
Jaylen Waddle,WR,DEN,0,0,0,15,0,65,850,6,0,0,0,0,0,0,11
Carnell Tate,WR,TEN,0,0,0,11,0,71,882,5,0,0,0,0,0,0,10
Brian Thomas Jr.,WR,JAX,0,0,0,16,0,59,858,6,0,0,0,0,0,0,10
DK Metcalf,WR,PIT,0,0,0,10,0,62,843,6,0,0,0,0,0,0,10
DJ Moore,WR,BUF,0,0,0,29,0,63,851,5,0,0,0,0,0,0,10
Marvin Harrison Jr.,WR,ARI,0,0,0,0,0,60,857,5,0,0,0,0,0,0,9
Jordyn Tyson,WR,NO,0,0,0,10,0,66,816,5,0,0,0,0,0,0,9
Michael Wilson,WR,ARI,0,0,0,6,0,61,788,5,0,0,0,0,0,0,9
Ricky Pearsall,WR,SF,0,0,0,18,0,57,794,5,0,0,0,0,0,0,9
Chris Godwin Jr.,WR,TB,0,0,0,6,0,68,750,5,0,0,0,0,0,0,8
Courtland Sutton,WR,DEN,0,0,0,0,0,56,755,6,0,0,0,0,0,0,8
Romeo Doubs,WR,NE,0,0,0,0,0,57,742,6,0,0,0,0,0,0,
Makai Lemon,WR,PHI,0,0,0,10,0,60,775,5,0,0,0,0,0,0,
Jakobi Meyers,WR,JAX,0,0,0,21,0,64,732,5,0,0,0,0,0,0,
Jayden Reed,WR,GB,0,0,0,68,0,58,730,5,0,0,0,0,0,0,
Jayden Higgins,WR,HOU,0,0,0,6,0,57,761,5,0,0,0,0,0,0,
Quentin Johnston,WR,LAC,0,0,0,11,0,58,748,5,0,0,0,0,0,0,
Stefon Diggs,WR,,0,0,0,6,0,63,725,5,0,0,0,0,0,0,
Jordan Addison,WR,MIN,0,0,0,21,0,55,745,5,0,0,0,0,0,0,
Xavier Worthy,WR,KC,0,0,0,90,1,55,695,4,0,0,0,0,0,0,
Jalen Coker,WR,CAR,0,0,0,6,0,59,738,5,0,0,0,0,0,0,
Michael Pittman Jr.,WR,PIT,0,0,0,7,0,68,748,4,0,0,0,0,0,0,
Matthew Golden,WR,GB,0,0,0,57,0,53,701,5,0,0,0,0,0,0,
Josh Downs,WR,IND,0,0,0,12,0,67,734,4,0,0,0,0,0,0,
Khalil Shakir,WR,BUF,0,0,0,10,0,69,725,4,0,0,0,0,0,0,
Wan'Dale Robinson,WR,TEN,0,0,0,15,0,66,685,4,0,0,0,0,0,0,
Omar Cooper Jr.,WR,NYJ,0,0,0,18,0,56,700,4,0,0,0,0,0,0,
KC Concepcion,WR,CLE,0,0,0,51,0,55,676,4,0,0,0,0,0,0,
Denzel Boston,WR,CLE,0,0,0,14,0,55,663,4,0,0,0,0,0,0,
Jalen Nailor,WR,LV,0,0,0,21,0,50,650,4,0,0,0,0,0,0,
Rashid Shaheed,WR,SEA,0,0,0,44,0,43,633,4,0,0,0,0,0,0,
Jauan Jennings,WR,MIN,0,0,0,0,0,48,601,4,0,0,0,0,0,0,
Brandon Aiyuk,WR,SF,0,0,0,7,0,45,591,4,0,0,0,0,0,0,
Deebo Samuel Sr.,WR,,0,0,0,67,1,42,472,4,0,0,0,0,0,0,
Jalen McMillan,WR,TB,0,0,0,30,0,40,514,4,0,0,0,0,0,0,
Jerry Jeudy,WR,CLE,0,0,0,5,0,43,581,3,0,0,0,0,0,0,
Tyreek Hill,WR,,0,0,0,6,0,41,528,4,0,0,0,0,0,0,
R. Flournoy,WR,DAL,0,0,0,12,0,45,523,3,0,0,0,0,0,0,
Tre' Harris,WR,LAC,0,0,0,6,0,39,493,4,0,0,0,0,0,0,
D. Stribling,WR,SF,0,0,0,0,0,42,541,3,0,0,0,0,0,0,
Tre Tucker,WR,LV,0,0,0,32,0,40,506,3,0,0,0,0,0,0,
Isaac TeSlaa,WR,DET,0,0,0,11,0,33,473,4,0,0,0,0,0,0,
T. Horton,WR,SEA,0,0,0,10,0,34,468,4,0,0,0,0,0,0,
T. Hurst,WR,TB,0,0,0,14,0,38,448,3,0,0,0,0,0,0,
Mike Washington Jr.,WR,MIA,0,0,0,121,0,37,396,2,0,0,0,0,0,0,
Z. Branch,WR,ATL,0,0,0,0,0,37,456,3,0,0,0,0,0,0,
Germie Bernard,WR,PIT,0,0,0,10,0,36,439,3,0,0,0,0,0,0,
T. Dell,WR,HOU,0,0,0,24,0,33,439,3,0,0,0,0,0,0,
Antonio Williams,WR,WAS,0,0,0,16,0,35,424,3,0,0,0,0,0,0,
Travis Hunter,WR,JAX,0,0,0,21,0,35,415,3,0,0,0,0,0,0,
Kayshon Boutte,WR,NE,0,0,0,0,0,31,456,3,0,0,0,0,0,0,
P. Bryant,WR,DEN,0,0,0,9,0,35,425,3,0,0,0,0,0,0,
S. Bell,WR,BUF,0,0,0,7,0,32,415,3,0,0,0,0,0,0,
K. Allen,WR,,0,0,0,0,0,38,390,3,0,0,0,0,0,0,
A. Iosivas,WR,CIN,0,0,0,10,0,32,403,3,0,0,0,0,0,0,
C. Bell,WR,MIA,0,0,0,4,0,33,398,3,0,0,0,0,0,0,
D. Vele,WR,NO,0,0,0,8,0,33,392,3,0,0,0,0,0,0,
J. Lane,WR,BAL,0,0,0,5,0,32,396,3,0,0,0,0,0,0,
E. Sarratt,WR,BAL,0,0,0,5,0,32,386,3,0,0,0,0,0,0,
Bijan Robinson,RB,ATL,0,0,0,1372,9,64,537,3,0,0,12,2,0,6,10
Jahmyr Gibbs,RB,DET,0,0,0,1191,10,60,508,3,0,0,11,2,0,4,7
Christian McCaffrey,RB,SF,0,0,0,984,7,70,606,4,0,0,11,2,0,4,6
Jonathan Taylor,RB,IND,0,0,0,1385,11,36,278,1,0,0,9,2,0,4,5
James Cook III,RB,BUF,0,0,0,1270,11,31,268,2,0,0,8,1,0,4,5
Derrick Henry,RB,BAL,0,0,0,1406,12,15,121,1,0,0,8,1,0,4,5
Ashton Jeanty,RB,LV,0,0,0,1152,8,50,383,2,0,0,7,0,0,3,4
Saquon Barkley,RB,PHI,0,0,0,1220,8,35,265,2,0,0,7,0,0,3,4
De'Von Achane,RB,MIA,0,0,0,1070,6,56,430,2,0,0,6,0,0,2,4
Omarion Hampton,RB,LAC,0,0,0,1015,8,48,364,2,0,0,6,0,0,2,4
Jeremiyah Love,RB,ARI,0,0,0,1003,6,53,397,2,0,0,5,0,0,2,4
Kenneth Walker III,RB,KC,0,0,0,1063,8,37,272,2,0,0,5,0,0,2,3
Chase Brown,RB,CIN,0,0,0,859,7,52,379,3,0,0,5,0,0,2,3
Travis Etienne Jr.,RB,NO,0,0,0,990,6,38,299,2,0,0,5,0,0,2,3
Breece Hall,RB,NYJ,0,0,0,1006,6,38,320,2,0,0,4,0,0,2,3
Josh Jacobs,RB,GB,0,0,0,918,8,33,258,1,0,0,4,0,0,1,3
Javonte Williams,RB,DAL,0,0,0,984,7,36,234,1,0,0,4,0,0,1,3
Kyren Williams,RB,LAR,0,0,0,934,8,30,209,2,0,0,3,0,0,1,3
David Montgomery,RB,HOU,0,0,0,948,7,32,236,1,0,0,3,0,0,1,3
Bucky Irving,RB,TB,0,0,0,902,6,36,271,2,0,0,3,0,0,1,2
D'Andre Swift,RB,CHI,0,0,0,861,7,34,263,1,0,0,3,0,0,1,2
Cam Skattebo,RB,NYG,0,0,0,820,6,38,277,1,0,0,3,0,0,1,2
Quinshon Judkins,RB,CLE,0,0,0,926,6,29,207,1,0,0,3,0,0,1,2
TreVeyon Henderson,RB,NE,0,0,0,785,6,35,260,1,0,0,3,0,0,1,2
Jadarian Price,RB,SEA,0,0,0,912,7,19,138,1,0,0,2,0,0,1,2
Chuba Hubbard,RB,CAR,0,0,0,840,6,30,201,1,0,0,2,0,0,1,2
Rhamondre Stevenson,RB,NE,0,0,0,799,6,31,225,1,0,0,2,0,0,1,2
Bhayshul Tuten,RB,JAX,0,0,0,756,6,30,223,1,0,0,2,0,0,1,2
Jaylen Warren,RB,PIT,0,0,0,759,5,36,267,1,0,0,2,0,0,1,2
J.K. Dobbins,RB,DEN,0,0,0,732,6,26,190,1,0,0,2,0,0,1,2
Tony Pollard,RB,TEN,0,0,0,794,5,28,187,1,0,0,2,0,0,1,2
Kyle Monangai,RB,CHI,0,0,0,751,6,23,165,1,0,0,2,0,0,1,2
Aaron Jones Sr.,RB,MIN,0,0,0,658,3,40,290,1,0,0,1,0,0,1,2
Rico Dowdle,RB,PIT,0,0,0,646,4,36,260,1,0,0,1,0,0,1,1
Blake Corum,RB,LAR,0,0,0,757,6,15,106,0,0,0,1,0,0,1,1
RJ Harvey,RB,DEN,0,0,0,515,3,37,276,2,0,0,1,0,0,1,1
Chris Rodriguez Jr.,RB,JAX,0,0,0,728,6,15,107,0,0,0,1,0,0,1,1
Jacory Croskey-Merritt,RB,WAS,0,0,0,614,5,19,135,1,0,0,1,0,0,1,1
Jordan Mason,RB,MIN,0,0,0,693,5,17,122,0,0,0,1,0,0,1,1
Kenneth Gainwell,RB,TB,0,0,0,380,3,40,302,2,0,0,1,0,0,1,1
Rachaad White,RB,WAS,0,0,0,446,3,32,241,1,0,0,1,0,0,0,0
Tyrone Tracy Jr.,RB,NYG,0,0,0,528,3,21,155,1,0,0,1,0,0,0,0
Tyjae Spears,RB,TEN,0,0,0,388,2,35,248,1,0,0,1,0,0,0,0
Keaton Mitchell,RB,LAC,0,0,0,435,3,18,134,1,0,0,1,0,0,0,0
Dylan Sampson,RB,CLE,0,0,0,321,2,23,176,1,0,0,1,0,0,0,0
Woody Marks,RB,HOU,0,0,0,351,2,19,137,1,0,0,1,0,0,0,0
Zach Charbonnet,RB,SEA,0,0,0,311,3,13,92,1,0,0,1,0,0,0,0
Tyler Allgeier,RB,ARI,0,0,0,421,3,8,57,0,0,0,1,0,0,0,0
Brian Robinson Jr.,RB,ATL,0,0,0,358,2,13,91,0,0,0,1,0,0,0,0
Emmett Johnson,RB,KC,0,0,0,286,2,12,86,1,0,0,1,0,0,0,0
Nicholas Singleton,RB,TEN,0,0,0,270,2,12,87,1,0,0,0,0,0,0,0
Mike Washington Jr.,RB,LV,0,0,0,281,2,9,69,1,0,0,0,0,0,0,0
Jonah Coleman,RB,DEN,0,0,0,276,2,9,68,1,0,0,0,0,0,0,0
Jordan James,RB,SF,0,0,0,287,2,11,80,0,0,0,0,0,0,0,0
James Conner,RB,ARI,0,0,0,232,2,12,86,1,0,0,0,0,0,0,0
Chris Brooks,RB,GB,0,0,0,225,2,16,111,0,0,0,0,0,0,0,0
Ray Davis,RB,BUF,0,0,0,304,2,9,66,0,0,0,0,0,0,0,0
Tank Bigsby,RB,PHI,0,0,0,336,2,8,56,0,0,0,0,0,0,0,0
Emanuel Wilson,RB,SEA,0,0,0,249,2,11,86,0,0,0,0,0,0,0,0
Braelon Allen,RB,NYJ,0,0,0,245,2,10,73,0,0,0,0,0,0,0,0
Isiah Pacheco,RB,DET,0,0,0,263,2,10,73,0,0,0,0,0,0,0,0
Sean Tucker,RB,TB,0,0,0,288,2,8,57,0,0,0,0,0,0,0,0
Najee Harris,RB,FA,0,0,0,234,2,10,71,0,0,0,0,0,0,0,0
Theo Johnson,RB,BUF,0,0,0,137,1,17,131,1,0,0,0,0,0,0,0
LeQuint Allen Jr.,RB,JAX,0,0,0,135,1,18,127,1,0,0,0,0,0,0,0
Justice Hill,RB,BAL,0,0,0,107,1,18,133,1,0,0,0,0,0,0,0
Kaytron Allen,RB,WAS,0,0,0,220,2,8,59,0,0,0,0,0,0,0,0
Jaydon Blue,RB,DAL,0,0,0,210,2,7,49,0,0,0,0,0,0,0,0
Jaylen Wright,RB,MIA,0,0,0,223,2,6,38,0,0,0,0,0,0,0,0
Alvin Kamara,RB,NO,0,0,0,172,1,11,82,1,0,0,0,0,0,0,0
Kaelon Black,RB,SF,0,0,0,200,2,6,43,0,0,0,0,0,0,0,0
I. Davis,RB,NYJ,0,0,0,189,1,9,68,0,0,0,0,0,0,0,0
J. Ford,RB,WAS,0,0,0,124,1,12,88,0,0,0,0,0,0,0,0
R. Ali,RB,BAL,0,0,0,120,1,12,87,0,0,0,0,0,0,0,0
Kimani Vidal,RB,LAC,0,0,0,155,1,9,62,0,0,0,0,0,0,0,0
Kaleb Johnson,RB,PIT,0,0,0,174,1,5,36,0,0,0,0,0,0,0,0
S. McGowan,RB,IND,0,0,0,160,1,6,43,0,0,0,0,0,0,0,0
S. Perine,RB,CIN,0,0,0,132,1,8,60,0,0,0,0,0,0,0,0
W. Shipley,RB,PHI,0,0,0,105,1,10,73,0,0,0,0,0,0,0,0
Trey McBride,TE,ARI,0,0,0,0,0,99,999,7,0,0,3,0,0,0,11
Brock Bowers,TE,LV,0,0,0,16,0,93,979,7,0,0,2,0,0,0,11
Colston Loveland,TE,CHI,0,0,0,4,0,77,870,6,0,0,2,0,0,0,11
Tyler Warren,TE,IND,0,0,0,17,0,78,805,5,0,0,2,0,0,0,10
Harold Fannin Jr.,TE,CLE,0,0,0,26,0,77,770,5,0,0,1,0,0,0,9
Sam LaPorta,TE,DET,0,0,0,3,0,67,743,6,0,0,1,0,0,0,8
Kyle Pitts Sr.,TE,ATL,0,0,0,0,0,66,756,5,0,0,1,0,0,0,8
Tucker Kraft,TE,GB,0,0,0,0,0,64,728,5,0,0,1,0,0,0,8
Travis Kelce,TE,KC,0,0,0,0,0,67,680,5,0,0,1,0,0,0,8
Mark Andrews,TE,BAL,0,0,0,11,0,57,622,6,0,0,1,0,0,0,8
Dalton Kincaid,TE,BUF,0,0,0,0,0,63,701,4,0,0,1,0,0,0,8
Jake Ferguson,TE,DAL,0,0,0,0,0,70,618,5,0,0,1,0,0,0,8
Brenton Strange,TE,JAX,0,0,0,0,0,60,648,5,0,0,1,0,0,0,7
George Kittle,TE,SF,0,0,0,0,0,57,649,5,0,0,1,0,0,0,7
Oronde Gadsden II,TE,LAC,0,0,0,0,0,57,636,5,0,0,0,0,0,0,7
Isaiah Likely,TE,NYG,0,0,0,0,0,59,622,5,0,0,0,0,0,0,7
Hunter Henry,TE,NE,0,0,0,0,0,55,624,5,0,0,0,0,0,0,6
Dallas Goedert,TE,PHI,0,0,0,0,0,53,590,5,0,0,0,0,0,0,6
AJ Barner,TE,SEA,0,0,0,14,1,58,530,4,0,0,0,0,0,0,6
Juwan Johnson,TE,NO,0,0,0,0,0,54,586,4,0,0,0,0,0,0,5
Kenyon Sadiq,TE,NYJ,0,0,0,9,0,55,570,4,0,0,0,0,0,0,5
Dalton Schultz,TE,HOU,0,0,0,0,0,55,545,4,0,0,0,0,0,0,5
T. Hockenson,TE,MIN,0,0,0,0,0,57,565,3,0,0,0,0,0,0,5
P. Freiermuth,TE,PIT,0,0,0,0,0,51,534,4,0,0,0,0,0,0,5
C. Otton,TE,TB,0,0,0,0,0,56,540,3,0,0,0,0,0,0,5
Chig Okonkwo,TE,WAS,0,0,0,0,0,53,514,3,0,0,0,0,0,0,5
